age,tenure,monthly_charges,contract_type,churn
56,11,20.948543362849808,Month-to-Month,0
69,21,25.26838359772286,One-Year,0
46,26,28.854341061361815,One-Year,0
32,25,23.759677320626086,One-Year,1
60,22,67.97813268565048,Two-Year,0
25,59,78.07572072273277,Month-to-Month,0
78,27,47.16869710690041,Two-Year,0
38,49,59.828738397563555,One-Year,0
56,13,29.169933511143014,Two-Year,0
75,33,53.63704638284221,One-Year,0
36,34,72.2519191634523,Two-Year,0
40,41,93.22718071846451,One-Year,0
28,35,20.334636204297922,Two-Year,0
28,1,66.73107665376526,Two-Year,0
41,21,49.70028764548822,Two-Year,0
70,48,105.28218216919014,Month-to-Month,0
53,55,91.55533152342419,Two-Year,0
57,6,78.9108534470895,Month-to-Month,0
41,28,47.72656456967736,One-Year,0
20,17,111.03391020575343,Two-Year,0
39,5,24.510067722032318,One-Year,0
70,31,30.946759867911517,One-Year,0
19,5,59.16301405403561,Two-Year,1
41,38,32.443755729685634,Month-to-Month,0
61,3,115.6415697559425,Two-Year,1
47,53,99.79893221433834,One-Year,0
55,23,45.89826516018137,One-Year,0
19,37,78.85542289732453,Two-Year,0
77,53,118.23305150800816,Month-to-Month,0
38,37,108.4198978131503,Month-to-Month,0
50,10,80.0798446442198,One-Year,0
29,10,110.37239671752705,One-Year,1
75,19,118.91849098133589,Month-to-Month,1
39,17,94.33528228936241,Two-Year,1
78,21,26.498640948289403,One-Year,0
61,14,60.15802364254875,Month-to-Month,0
42,9,103.78257352832455,One-Year,1
66,46,43.0569195805019,Two-Year,0
44,1,103.06425177506246,Month-to-Month,0
76,51,32.033876203499595,One-Year,0
59,45,24.694535714781303,Two-Year,0
45,13,58.40906114912496,One-Year,1
77,4,23.67319374266136,Two-Year,0
33,1,115.72702629833256,Two-Year,1
32,49,102.62056957939659,Month-to-Month,0
79,40,100.07696871298751,Two-Year,0
79,32,82.97779229961532,One-Year,0
64,34,41.632402303655354,Two-Year,0
79,28,71.82603666763922,Two-Year,0
68,31,79.7274072430341,Month-to-Month,1
61,8,72.50315008602682,Two-Year,1
72,39,46.02333679515273,Two-Year,0
69,26,71.52479243147259,One-Year,1
74,58,69.11863408686266,Month-to-Month,0
20,34,119.63357758067242,Month-to-Month,0
54,54,109.74361480462039,Month-to-Month,0
68,54,66.33807482156199,Two-Year,0
24,3,82.29373829351186,Month-to-Month,1
38,59,94.78716040922285,Two-Year,0
26,50,23.486516023382492,Two-Year,0
56,12,109.49214412278398,One-Year,0
35,1,106.01268164179238,One-Year,1
21,54,65.74320977737074,One-Year,0
42,44,59.11697660803798,One-Year,0
77,5,47.2959374856315,One-Year,1
31,30,67.66768283303685,Two-Year,0
67,30,24.437666353323678,Two-Year,0
75,59,105.21935333470077,Month-to-Month,0
26,57,23.542236841854507,Two-Year,0
43,17,52.9051365369871,Two-Year,0
70,48,113.158948831899,One-Year,0
19,47,93.52126545234528,Two-Year,0
37,23,48.13909605775268,One-Year,0
45,15,45.26490939608851,Month-to-Month,0
64,37,20.508213981802598,Month-to-Month,0
77,21,89.57142928497501,Two-Year,1
24,14,24.87835816731731,Month-to-Month,0
61,2,73.26025194007622,Two-Year,0
78,11,116.21219725920498,Month-to-Month,1
25,51,30.94688600544539,One-Year,0
64,39,109.44799309680674,One-Year,0
52,38,119.14753351450481,One-Year,0
31,34,26.151702623923505,One-Year,0
34,38,108.29062691374612,Two-Year,1
53,50,71.60790204436167,Month-to-Month,0
67,34,110.651371944458,Two-Year,1
57,18,77.13189419195741,One-Year,0
21,30,86.21120101065647,Two-Year,0
19,15,74.37789079973993,Month-to-Month,1
79,27,106.44928803073485,Two-Year,0
23,51,93.39099189537018,Month-to-Month,0
71,34,72.12603121804149,Two-Year,0
59,52,106.8160804051547,Month-to-Month,0
21,57,44.52855322553346,Month-to-Month,0
71,38,35.7340659702526,One-Year,0
46,33,36.040010533007205,Month-to-Month,0
35,24,53.40088787452379,One-Year,0
43,15,43.86900313010175,One-Year,0
61,30,113.00903505097386,One-Year,0
51,55,30.5834093828584,Two-Year,0
27,42,89.89907380395877,Two-Year,0
79,51,38.92215397850059,Two-Year,0
53,17,108.16371327703501,Two-Year,0
31,5,116.13152881849074,Month-to-Month,1
48,29,66.54700087699835,Month-to-Month,1
65,4,107.90714802281316,Two-Year,0
32,10,20.514517075471478,Month-to-Month,0
25,56,101.99469174081001,Month-to-Month,0
31,17,42.86251615249235,One-Year,0
40,10,110.87013092693678,One-Year,1
77,17,20.11201114801095,One-Year,0
74,20,75.6181735039757,One-Year,0
79,24,95.66358037849346,Month-to-Month,0
57,5,45.868833069790796,Two-Year,0
38,34,39.31328645872931,Month-to-Month,0
33,6,28.409822446798465,Month-to-Month,0
62,53,52.6433576503293,Month-to-Month,0
35,2,75.98443123088295,One-Year,1
64,13,31.584385678025768,One-Year,0
70,43,57.66953619867988,One-Year,0
41,43,20.907240465272498,Two-Year,0
43,48,101.86794204998418,Month-to-Month,0
42,11,32.84487180931914,Two-Year,0
77,51,48.334294826558164,One-Year,0
77,47,21.842771873821746,Two-Year,0
77,57,63.22407838925123,Month-to-Month,0
62,23,104.01215027412188,Month-to-Month,1
58,55,59.21512114451966,One-Year,0
46,16,37.94973234238334,One-Year,1
32,31,95.36988340505192,Two-Year,0
62,11,98.88069818707443,One-Year,1
18,54,37.375347530756684,One-Year,0
42,16,97.08541085409898,Month-to-Month,1
24,8,114.7297888256338,One-Year,1
26,4,36.637758693227234,One-Year,0
41,40,97.09842925321355,Month-to-Month,0
18,4,90.85720046026293,Month-to-Month,1
61,56,67.35738884350886,Two-Year,0
25,25,25.79204605587983,One-Year,0
41,3,27.469441775785402,Month-to-Month,0
28,32,105.24146591986477,Two-Year,1
68,3,119.0148372750647,Two-Year,1
34,27,87.60522571867544,One-Year,0
25,29,64.59583070103216,One-Year,0
52,32,84.75736434019076,Two-Year,0
52,50,79.43958592285453,Month-to-Month,0
50,58,58.36122604056218,Two-Year,0
76,51,26.562614457401295,One-Year,0
22,19,102.15129474074409,Month-to-Month,1
59,21,57.18335292387246,Month-to-Month,0
56,5,101.87856433570937,Two-Year,1
75,18,45.25087496883822,One-Year,0
58,28,20.10294798456334,Two-Year,0
45,42,35.89382832767565,Two-Year,0
24,22,66.85394167685843,Two-Year,0
26,21,114.43036349578298,Month-to-Month,0
25,6,30.2193619693719,Month-to-Month,0
29,1,105.4209774461566,One-Year,1
51,5,72.7024096211862,One-Year,0
50,41,102.59207657998967,Two-Year,0
65,12,49.83744309899926,Two-Year,0
72,26,103.99471646724719,Two-Year,1
40,46,97.28227800168045,One-Year,0
79,34,43.00536830314339,Month-to-Month,0
41,49,33.13351264093781,Month-to-Month,0
54,14,106.80543225322928,Two-Year,1
52,26,116.3236653440132,Two-Year,1
61,45,23.130231374751624,Two-Year,0
57,27,93.12700669736856,Two-Year,1
39,9,110.95245109478184,One-Year,1
44,26,105.73600920924986,Month-to-Month,0
52,57,116.45204722702086,Two-Year,0
18,47,96.00940784380971,One-Year,0
52,57,64.22987623809102,Two-Year,0
54,22,51.19519904951304,Two-Year,0
64,47,52.07427404381274,Month-to-Month,0
31,56,92.4422672614117,Two-Year,0
20,30,94.58370120309642,Month-to-Month,0
18,43,40.03591435487127,Month-to-Month,0
22,48,106.8122813490531,Month-to-Month,0
43,17,91.49240402022477,One-Year,1
72,26,76.27502863433827,One-Year,0
31,36,67.15324601025128,Month-to-Month,0
56,1,74.32328057899582,Two-Year,1
44,8,35.92457382792645,Month-to-Month,0
26,49,40.370124927627415,Two-Year,0
32,35,29.116449040619166,Month-to-Month,0
32,52,35.36580381611127,Two-Year,0
43,15,65.36936346052826,One-Year,0
59,47,73.0354393728256,Two-Year,0
77,56,21.78618924783194,Month-to-Month,0
30,22,99.67978278640275,One-Year,0
68,14,49.41679733434779,Two-Year,0
49,26,111.18360349599111,Two-Year,0
56,28,116.75112636137777,Two-Year,1
66,23,38.54588746766544,Two-Year,1
69,14,66.20972907656606,Two-Year,0
78,24,20.123183516642587,One-Year,0
49,2,79.83272651224269,One-Year,0
21,45,80.73064482626712,One-Year,0
47,26,44.753995560337515,One-Year,0
54,14,75.84126725831979,Month-to-Month,0
40,59,42.55401424437355,One-Year,0
56,56,36.08254690781901,Two-Year,0
62,51,85.15194668022647,Two-Year,0
32,7,52.59254639520749,One-Year,0
60,3,79.02639388856224,Two-Year,1
46,47,63.32467489716556,One-Year,0
53,23,118.4351407402904,Two-Year,1
30,46,34.95806426675658,Month-to-Month,0
49,43,66.45985966358101,Month-to-Month,0
24,47,88.04566263593253,One-Year,0
76,45,59.55450838799687,One-Year,0
68,18,117.46998518706899,One-Year,1
39,58,92.18876279269351,Two-Year,0
45,38,85.69838575644931,One-Year,0
19,35,95.70592676112233,Month-to-Month,0
59,51,115.2648638038717,Two-Year,0
62,15,110.78186529846401,One-Year,0
79,25,92.42853081264118,Two-Year,0
74,55,94.9161639101283,Two-Year,0
70,37,34.59220740351455,One-Year,0
23,28,30.279240449266567,Two-Year,0
45,10,77.09045018441643,Month-to-Month,1
45,39,21.836763694054,Month-to-Month,0
61,57,68.23563815515917,Two-Year,0
61,17,41.034957991886856,One-Year,0
37,39,54.601656764483955,Two-Year,0
47,22,97.5804735792956,Month-to-Month,0
79,26,114.12375042323865,Two-Year,1
28,44,27.24162721463415,Two-Year,0
75,25,73.4242205976445,Month-to-Month,0
72,17,108.25334858196,Two-Year,1
45,13,28.25085344404213,Two-Year,0
42,20,102.45140468968339,One-Year,1
56,25,55.78013509282714,One-Year,0
79,4,52.209470221933536,Month-to-Month,0
50,10,117.74663863147858,Month-to-Month,1
18,3,40.08590898622941,Month-to-Month,0
74,41,89.31939408226809,One-Year,0
44,45,102.14407280098665,Month-to-Month,0
79,18,24.118349527927165,Month-to-Month,0
74,47,87.03854583544123,Month-to-Month,0
69,36,115.15499743553269,One-Year,1
30,47,32.42199667280593,Two-Year,0
58,22,109.62213026850382,Month-to-Month,0
20,34,79.4776637376936,Two-Year,0
56,47,81.66045818624741,Month-to-Month,0
23,8,81.29441748656059,Two-Year,0
25,40,49.883588633731385,One-Year,0
44,49,113.52018152994597,One-Year,0
26,44,114.73504626310387,Month-to-Month,0
79,19,82.53046602139477,Two-Year,0
54,42,98.34227259416147,One-Year,0
50,41,81.2257985881158,Month-to-Month,0
68,37,68.43984475740406,Month-to-Month,0
59,6,86.08201182992507,One-Year,1
61,52,75.30014525919584,One-Year,0
41,26,79.747586263193,Month-to-Month,0
32,34,98.3832553418862,Two-Year,0
76,59,68.09038314489848,Two-Year,0
71,56,24.075410609247278,Two-Year,0
49,59,36.39994809894972,Month-to-Month,0
49,45,63.860721648953835,One-Year,0
41,6,92.48265598740583,Month-to-Month,0
58,37,79.32786483101788,One-Year,0
69,57,85.02941858734539,Two-Year,0
66,33,67.92789285762873,Two-Year,0
79,53,81.57420219422428,One-Year,0
66,22,52.90174378146622,One-Year,0
75,21,67.01825926966652,Month-to-Month,0
69,6,94.42790655949555,Two-Year,1
29,6,107.18327789731212,Month-to-Month,1
79,55,63.36553339563889,Month-to-Month,0
56,48,24.366165770736117,Month-to-Month,0
19,4,36.167254414680265,Two-Year,1
20,30,22.08611392915381,Month-to-Month,0
66,11,85.32630192373301,Month-to-Month,1
54,30,53.23146253551089,Month-to-Month,0
66,31,74.24786357193675,Month-to-Month,0
73,24,69.32768467837997,Month-to-Month,0
34,55,28.152648955242668,Month-to-Month,0
76,9,60.32613611238318,Two-Year,0
66,55,42.05611249223233,Month-to-Month,0
19,3,61.83997886676527,One-Year,1
19,51,40.35782803422427,Month-to-Month,0
45,31,104.04524062769335,Month-to-Month,1
71,40,37.41933365782536,Two-Year,0
40,37,116.0780551486977,Two-Year,0
54,36,61.59073661469408,One-Year,0
49,24,104.62452920190493,One-Year,0
50,31,82.8764818205945,Two-Year,0
18,6,93.53502986657526,Two-Year,1
36,2,96.77238880667802,Month-to-Month,1
79,20,70.48448818930177,Two-Year,0
19,28,74.33005233632883,One-Year,0
70,11,71.3995867808725,Month-to-Month,1
61,4,78.80583780900793,One-Year,0
43,15,22.93944457565073,Month-to-Month,0
49,6,59.551516984901525,Two-Year,0
23,54,80.61887135611715,One-Year,0
49,49,79.77235652558643,Month-to-Month,0
72,30,99.29560946056316,Month-to-Month,0
21,56,85.50093388321085,Two-Year,1
72,38,119.21333163406723,Two-Year,0
28,51,48.385452860864504,Two-Year,0
73,57,55.915102966623145,One-Year,0
76,2,58.38471518677963,Month-to-Month,0
34,15,66.58128070202486,Two-Year,0
55,11,103.59980637812095,One-Year,0
41,8,43.579209395920984,One-Year,0
22,26,97.60002070354295,One-Year,0
69,51,60.53101830857434,Two-Year,0
51,45,80.18553836620086,Two-Year,0
23,44,83.25405332263061,Month-to-Month,0
39,5,57.28486371889345,Month-to-Month,0
28,6,71.26152052058052,Two-Year,0
65,26,61.3031174647697,One-Year,0
33,54,26.913278618661945,One-Year,0
50,4,63.71653888168265,One-Year,1
26,19,29.73933925535522,Month-to-Month,0
77,20,60.50207990803215,One-Year,0
76,33,79.29183998317819,Month-to-Month,0
23,20,77.94148993435007,Month-to-Month,0
33,49,86.26212790083204,One-Year,0
46,12,29.526150795462627,One-Year,0
20,47,85.21232455304379,Two-Year,0
37,1,51.214805669644704,Two-Year,0
77,26,59.90459461371111,One-Year,0
76,14,105.79862539227058,Month-to-Month,1
53,38,20.903040412955026,Month-to-Month,0
36,37,78.84126333406054,Month-to-Month,0
43,11,79.87139801001075,Month-to-Month,0
20,36,59.665977634356196,Month-to-Month,0
36,13,43.702785710833616,Two-Year,0
37,43,43.467403826155106,One-Year,0
49,3,108.37096696607526,Two-Year,1
24,33,64.20243737828575,Month-to-Month,0
69,6,53.08893629891719,Month-to-Month,0
58,50,64.8777573831403,Month-to-Month,0
50,56,86.93904014593613,Month-to-Month,0
57,10,34.57565682447517,One-Year,0
56,5,64.94338352137376,Month-to-Month,0
35,23,78.78843711103869,One-Year,0
57,10,114.85833548514337,Month-to-Month,1
18,44,45.25277820754192,One-Year,0
28,2,55.92507479162455,Two-Year,0
45,13,57.93585899224238,Month-to-Month,0
74,40,80.55381576448829,One-Year,0
42,2,55.67320530400016,Two-Year,0
67,20,73.35119252996955,Month-to-Month,1
40,1,98.17903298450294,Month-to-Month,1
48,37,90.53855941122036,Month-to-Month,0
47,9,64.63686465125855,One-Year,0
59,17,106.42161776741689,One-Year,1
52,9,75.81402495938629,Two-Year,0
24,11,73.99058395022125,One-Year,1
77,15,23.41877659391582,One-Year,0
33,24,118.66929803571615,Month-to-Month,0
43,38,32.29708085296267,Month-to-Month,0
65,55,43.11309124276466,Month-to-Month,0
74,35,25.169683724152698,Month-to-Month,0
69,30,84.00029668369137,Month-to-Month,0
77,31,42.470117697267995,Month-to-Month,0
66,49,38.00104374727235,Month-to-Month,0
19,5,28.855558422324137,Two-Year,0
18,44,30.330895712401567,Two-Year,0
65,50,78.46707004425888,Two-Year,0
79,14,88.82078658665954,Two-Year,0
29,53,59.7378988464401,Month-to-Month,0
22,56,67.98970815920732,Two-Year,0
54,11,88.59677359829841,Month-to-Month,1
49,9,21.737979018547964,Two-Year,0
76,34,52.31306570702785,One-Year,0
72,12,117.30977480703464,Two-Year,1
26,35,78.01122296954681,Two-Year,0
58,35,45.422457989749326,Month-to-Month,0
52,1,72.17300466362131,Two-Year,0
36,40,54.26534881209153,One-Year,0
65,22,73.22449888262992,Month-to-Month,0
33,29,32.574151180664884,Month-to-Month,0
20,8,33.27146538192774,Two-Year,0
37,11,34.35423620393929,Month-to-Month,0
41,41,113.98197919268418,Month-to-Month,0
71,37,93.28989183413418,Month-to-Month,0
73,14,36.238189466232086,Month-to-Month,0
50,30,38.83490837656014,Month-to-Month,0
41,35,93.08294748708764,Month-to-Month,0
69,21,35.616384479217395,One-Year,0
28,37,43.45612933348286,Two-Year,0
66,5,116.3346832820399,One-Year,1
25,19,45.53065247284319,Month-to-Month,0
53,59,86.16323503711467,Month-to-Month,0
55,14,117.86312874005304,Two-Year,1
57,26,57.42967671397926,One-Year,0
37,4,21.751599086206223,Two-Year,0
79,25,44.414729042237425,One-Year,0
52,45,103.08771913417054,Month-to-Month,0
65,42,106.46088359550367,Two-Year,0
79,25,96.85193645237912,Two-Year,1
42,18,31.3109819076573,Month-to-Month,0
52,40,99.55103716964031,Two-Year,0
42,8,111.86777969935042,One-Year,1
46,39,80.06095425462361,One-Year,0
35,40,114.08753563380648,One-Year,0
63,14,102.68388837118775,One-Year,1
35,32,86.69715169909072,Month-to-Month,0
19,51,77.71852367117481,Two-Year,1
71,38,54.85736672419705,One-Year,0
52,33,35.92874452428052,Month-to-Month,0
33,23,80.49539226905408,Two-Year,0
78,15,51.81115536181195,Two-Year,0
58,33,106.64386675276454,Month-to-Month,1
53,25,119.33369373586285,Month-to-Month,1
50,17,95.24277626155725,One-Year,0
21,33,29.048169528705074,Two-Year,0
50,47,48.86855955306381,Two-Year,0
31,55,30.910963176574974,Month-to-Month,0
38,2,85.05116477917157,Two-Year,0
65,14,96.51908645557846,One-Year,1
37,53,112.56748308807119,Two-Year,0
73,40,63.817234641198766,Month-to-Month,0
25,40,110.13756495884444,Month-to-Month,1
24,51,107.78911590413276,One-Year,0
20,39,51.71957167653986,One-Year,0
34,51,106.8900625540571,Two-Year,0
50,6,57.56722518817265,Two-Year,1
65,6,49.68692745602808,Month-to-Month,0
29,3,84.90746587943931,One-Year,1
76,7,52.83812278850811,One-Year,1
68,51,83.02087483291442,One-Year,0
39,8,80.98318054986945,Two-Year,1
72,42,76.34389273484588,One-Year,0
39,52,58.04197042327977,Month-to-Month,0
63,15,74.84997216514768,Month-to-Month,0
47,47,79.64854749854216,Two-Year,0
55,29,74.56868884954734,Two-Year,0
55,33,64.44194527512016,One-Year,0
62,52,21.46670570462638,Two-Year,0
68,30,78.7061707701151,Month-to-Month,0
71,39,36.844438514271964,One-Year,0
25,27,84.25759689471896,Month-to-Month,1
44,36,95.9344327922866,One-Year,0
44,29,70.04453091307414,Two-Year,0
51,38,74.23636649797383,One-Year,0
38,57,115.14785596659911,One-Year,0
47,33,104.71673613725741,Month-to-Month,1
50,37,111.42365159514699,Month-to-Month,0
45,27,101.37662883195864,One-Year,1
64,55,30.891834184673144,Two-Year,0
50,33,34.89918559701947,Two-Year,0
22,4,72.66237972689595,Month-to-Month,1
77,22,44.60696587979982,Two-Year,0
78,2,67.66954750411591,Month-to-Month,1
65,10,59.43653238183502,Two-Year,0
36,5,74.94142384304533,One-Year,1
21,59,94.68757161358226,Month-to-Month,0
52,10,91.54909070992744,Month-to-Month,1
66,33,72.12341324853344,One-Year,0
34,54,102.23934188170581,Month-to-Month,0
61,38,63.08620915380333,Two-Year,0
45,13,109.67142898401224,Two-Year,0
47,31,27.12802700551639,Month-to-Month,0
46,47,115.46600300333074,Two-Year,0
63,36,85.46930814313482,Month-to-Month,0
70,45,58.00745089372053,One-Year,0
23,24,39.715412657287736,Month-to-Month,0
52,52,67.91832294436,One-Year,0
77,56,39.4558323185301,Two-Year,0
58,15,36.63316077431422,One-Year,0
54,29,81.73517574129741,Two-Year,0
41,8,72.30847245817847,Month-to-Month,0
46,5,87.00960346109417,Two-Year,1
66,29,112.96058774219892,Month-to-Month,1
63,47,73.22602133390401,Month-to-Month,0
70,4,78.09320532627977,One-Year,1
48,12,28.962633915494212,One-Year,0
52,45,91.76357859086295,One-Year,0
77,2,59.99052068041562,One-Year,0
50,27,117.67252386625789,Two-Year,1
69,31,102.31740155956602,Two-Year,0
78,51,72.24810405161183,Two-Year,0
38,51,32.322265417216606,Month-to-Month,0
49,36,105.94157932805892,Two-Year,0
40,36,99.97810954240217,Two-Year,0
50,26,38.4585129537033,Two-Year,0
20,43,49.527828922031006,One-Year,0
35,27,99.34072581478372,Two-Year,1
42,5,38.522844654740965,Month-to-Month,0
59,20,111.77524891713773,One-Year,0
48,11,62.45274251963619,Month-to-Month,0
71,10,28.703896258765866,Two-Year,0
75,40,101.57486435042809,One-Year,0
20,38,57.35096830383876,Month-to-Month,0
57,6,72.6499194153781,Two-Year,0
63,8,31.230434441121915,Month-to-Month,0
41,23,20.25840148449824,Month-to-Month,0
67,47,83.79852057932976,Month-to-Month,0
49,26,71.51751703337317,Two-Year,0
64,46,79.35385691231471,Two-Year,0
39,43,99.37438503805163,Month-to-Month,0
40,12,84.66059134228601,One-Year,1
19,26,37.47734428273772,One-Year,0
44,13,56.07725191105998,Two-Year,0
59,40,110.58911047877604,Two-Year,0
19,18,96.9944700251679,Two-Year,1
43,25,75.66370579367172,Two-Year,0
34,33,45.56449978092723,Two-Year,0
57,47,50.206050183479505,One-Year,0
50,40,93.19580675856345,Two-Year,0
26,43,105.11742608527709,Month-to-Month,0
60,12,87.14246695306144,Month-to-Month,0
71,44,100.95299757684418,One-Year,0
65,36,96.6656135200406,Month-to-Month,0
56,48,34.97039679569578,One-Year,0
46,4,62.3944812913302,One-Year,0
59,5,35.29838008285627,Month-to-Month,0
72,56,43.52355848019848,Two-Year,0
43,37,106.92596246510526,Month-to-Month,0
52,8,67.28919656331821,Month-to-Month,0
67,42,73.53581018426608,One-Year,0
42,49,37.84459652277721,Month-to-Month,0
41,28,51.2271786048796,One-Year,0
30,31,43.024616842787,Two-Year,0
77,58,40.61861645184264,Two-Year,0
75,9,83.79607933159701,Two-Year,0
24,54,45.68838476457148,Month-to-Month,0
74,51,83.20154860204184,One-Year,0
53,29,25.845461410855393,Two-Year,0
62,14,34.17743935271019,One-Year,0
37,40,47.45402540001254,One-Year,0
18,41,79.70469168956916,Two-Year,0
25,22,87.5841245087376,Two-Year,1
63,11,64.27169667795272,One-Year,0
33,23,64.5790914577229,Two-Year,0
31,1,92.45168513986181,One-Year,1
29,46,21.582109176558244,One-Year,0
68,37,54.10900244742206,Two-Year,0
40,21,101.87070571192328,Month-to-Month,0
32,26,80.32194102133722,Two-Year,0
45,46,53.722713275542034,Month-to-Month,0
51,36,110.55247923296739,One-Year,0
19,54,97.26227274493826,One-Year,0
49,23,46.48954472367334,Month-to-Month,0
40,57,84.52898375257169,One-Year,0
39,1,79.57507281889568,Month-to-Month,0
68,54,60.11879140389827,Month-to-Month,0
42,55,56.695607920480064,One-Year,0
75,51,54.35604747757039,Month-to-Month,0
79,40,81.71557833956467,Two-Year,0
78,15,64.24099364806695,Two-Year,0
39,21,103.1863113251422,One-Year,0
75,47,86.96026161339618,One-Year,0
75,9,26.993160570943413,Month-to-Month,0
39,53,84.01682238281661,Month-to-Month,0
66,9,47.11474365001848,Month-to-Month,0
69,10,79.28119916534227,Month-to-Month,1
59,52,88.01319311034514,Two-Year,0
23,57,43.08291891540121,Two-Year,0
32,53,65.68586448803686,One-Year,0
71,26,39.032486281906785,Month-to-Month,0
60,41,25.23388757865083,Month-to-Month,0
77,35,57.84764234858691,One-Year,0
54,52,56.2944271845992,Month-to-Month,0
50,25,119.5480490704257,Month-to-Month,0
25,26,64.63523511976422,Month-to-Month,0
70,11,53.35695494722004,Month-to-Month,1
77,38,78.04750067166746,Month-to-Month,0
61,2,28.876739410776846,One-Year,0
61,7,116.16657359548132,Month-to-Month,0
22,18,83.49600455910331,One-Year,0
56,27,95.48378199408478,Month-to-Month,1
21,34,37.04779381739175,Two-Year,0
23,27,60.94778530052039,Two-Year,0
62,17,62.26891133961895,Two-Year,0
49,43,102.18064439010868,Two-Year,0
69,59,20.123667975940943,One-Year,0
47,44,50.08531083532551,One-Year,0
64,59,118.12363743443039,Month-to-Month,0
52,51,67.48865435062186,Two-Year,0
72,54,58.25262802440083,One-Year,0
57,24,31.982900201764636,Month-to-Month,0
69,25,117.41646286280155,Month-to-Month,0
33,7,22.002635592582447,One-Year,0
30,52,93.71802250072432,Two-Year,0
67,6,96.85998047885084,Month-to-Month,0
77,53,44.36567160638666,Two-Year,0
59,24,87.15584436130374,Two-Year,0
47,33,29.292914437938993,Two-Year,0
36,49,45.70472664320799,Month-to-Month,0
34,29,98.7901988292265,Two-Year,0
73,43,106.46861920335402,Month-to-Month,0
36,22,80.84864126597913,Two-Year,0
45,26,70.68384318204826,Month-to-Month,0
75,28,35.93040206189803,Two-Year,0
72,50,26.310903307915016,One-Year,0
43,21,31.764902847355863,Two-Year,0
54,49,42.73573000960988,Two-Year,0
43,7,54.16745018969208,Month-to-Month,0
70,17,58.090952551098724,Month-to-Month,0
79,20,54.63217685890035,Two-Year,0
40,41,43.905533219726564,One-Year,0
26,49,70.9724246751698,One-Year,0
29,20,102.52861082328968,Month-to-Month,1
70,54,47.97035384714792,One-Year,0
18,22,114.23870191022331,Two-Year,1
75,28,107.33366617238478,Month-to-Month,0
75,40,36.17642113521096,Two-Year,0
18,49,98.62759567570944,Month-to-Month,0
64,7,77.45873823177666,Month-to-Month,0
51,1,76.65753621714185,Month-to-Month,0
49,32,59.10427630581744,Month-to-Month,0
79,13,70.11529991820098,One-Year,1
71,30,59.717877742921104,Two-Year,0
65,23,73.97326187599428,Two-Year,0
42,51,82.79500527726358,Two-Year,0
57,59,87.43038064090484,Month-to-Month,0
62,56,73.24811925594261,One-Year,0
70,19,92.14220673287318,Two-Year,0
18,32,34.12780492755058,One-Year,0
33,30,41.198249090223854,Month-to-Month,0
78,29,101.87350040742702,Two-Year,1
56,49,52.252797784641515,One-Year,0
22,45,22.289382497612024,Month-to-Month,0
39,29,35.37911496680311,One-Year,0
46,30,42.361443449631125,Two-Year,0
72,16,115.73228878945872,Two-Year,1
20,40,77.30414289308493,Month-to-Month,0
29,19,113.27307404762549,Month-to-Month,1
43,18,77.5163350496625,Month-to-Month,1
33,1,67.93544401378517,One-Year,1
68,14,51.372769119409604,One-Year,0
54,51,80.63709444333756,One-Year,0
39,47,33.91980246175298,Month-to-Month,0
74,50,109.82616272927059,Two-Year,0
46,2,102.93324051412837,Two-Year,1
31,54,51.753144787673705,One-Year,0
45,28,115.27975276012943,One-Year,1
22,49,102.5200767415568,Two-Year,0
64,50,86.63068858350397,Two-Year,0
66,30,32.176191112527476,One-Year,0
47,38,67.82340230480722,One-Year,0
63,51,70.61075548467508,Two-Year,0
79,4,43.25513583653801,Month-to-Month,1
69,1,27.996539435930195,One-Year,0
22,8,97.67236304716927,Two-Year,1
29,29,32.2035052124395,Two-Year,0
33,55,79.42907505617748,Two-Year,0
43,39,113.64491738836605,Two-Year,1
43,3,107.61051925980425,Month-to-Month,1
65,32,47.775262374926115,Two-Year,0
38,10,105.14486375512654,One-Year,1
56,10,20.033250612048942,Month-to-Month,0
53,19,21.76878096132572,Two-Year,0
50,46,80.25531638428649,Month-to-Month,0
79,34,56.47982191445295,One-Year,0
47,33,58.64608411591471,Two-Year,0
54,23,76.44410906788825,One-Year,0
40,55,39.17824555918606,Two-Year,0
75,28,41.17553506654784,Two-Year,0
27,32,68.46015870188647,Two-Year,0
71,50,95.4253544343863,Two-Year,0
22,7,81.94977514075876,Two-Year,1
53,29,49.73550482368389,Month-to-Month,0
51,8,63.03371775089212,Two-Year,0
69,1,37.06647585499984,Two-Year,0
48,57,27.462981433708173,Month-to-Month,0
27,55,98.26960407441493,Month-to-Month,0
75,3,46.53874091881946,Month-to-Month,1
36,24,37.77663878512482,Month-to-Month,0
75,23,89.16180555693194,Month-to-Month,1
49,59,81.80516742871859,Month-to-Month,0
18,8,83.31896260134641,Two-Year,0
73,54,42.88946048466136,Two-Year,0
22,57,43.2645538562681,One-Year,0
62,47,42.080262978563916,Two-Year,0
21,37,37.37525956622945,Two-Year,0
33,3,85.57236725616563,Month-to-Month,1
41,51,104.80158852494014,Month-to-Month,0
33,33,92.43174696766613,Two-Year,0
72,28,99.20936337605433,One-Year,0
19,47,60.479842908519984,Month-to-Month,0
66,8,85.40757953719981,Two-Year,0
45,34,55.42362404447745,Two-Year,0
49,35,72.550462196864,One-Year,0
44,32,68.16348465348624,One-Year,0
37,24,37.68871451438544,Month-to-Month,0
41,14,58.70787603356308,One-Year,0
29,32,116.3822275482351,Two-Year,0
67,56,44.85802577149421,Two-Year,0
52,46,33.38037362794887,One-Year,0
77,43,61.85806216239353,One-Year,0
50,16,99.03377358601482,One-Year,1
50,4,78.21482297799723,One-Year,1
78,52,88.09748272382446,Month-to-Month,0
68,37,38.969484817467716,One-Year,0
60,54,81.89481930077216,Month-to-Month,0
54,21,52.35003949114738,Two-Year,0
29,14,103.43033659547675,One-Year,1
20,31,82.92988060107362,Month-to-Month,0
18,55,39.88562777752959,One-Year,0
50,48,26.461667984408614,Two-Year,0
57,18,24.263320928703273,Two-Year,0
27,7,57.14085676501407,Two-Year,0
60,10,46.58511366543135,One-Year,0
61,7,84.60901234625081,One-Year,1
46,33,69.93338349786183,Month-to-Month,0
30,23,46.60192780053807,Two-Year,0
29,21,34.923777795017614,One-Year,0
48,19,32.71997626874496,Two-Year,0
63,48,106.46603921404177,Two-Year,0
19,19,44.34779684048672,Month-to-Month,0
78,36,85.17106479109684,Month-to-Month,0
68,29,101.06859279862663,Month-to-Month,0
67,18,81.4081311184736,Month-to-Month,0
52,2,105.95652316469457,Two-Year,1
40,1,59.23937215284745,Month-to-Month,0
34,47,115.62221906489484,Month-to-Month,1
43,5,33.3145004178097,Month-to-Month,0
25,20,30.21495296575381,Month-to-Month,0
46,11,85.86921462074436,Two-Year,0
43,42,114.28311414132618,Month-to-Month,0
27,2,100.8883461636328,Two-Year,0
43,3,27.641685943805143,One-Year,0
79,23,47.93677139347164,Two-Year,0
51,55,113.03188848378237,Two-Year,0
68,12,45.305843280078456,Month-to-Month,0
58,20,98.11704237869192,One-Year,1
24,5,102.51321959287039,One-Year,0
21,37,69.54521034609817,One-Year,0
75,38,58.63489098483155,One-Year,0
70,30,65.01244324197597,Two-Year,0
67,9,42.69646943653642,One-Year,0
62,34,108.93909161288443,Two-Year,0
28,53,65.06196567297579,Two-Year,0
46,44,108.24594404560997,Two-Year,0
73,35,30.56934799062741,One-Year,0
53,52,118.82752710001313,Month-to-Month,0
42,58,64.32730874436183,Month-to-Month,0
38,22,24.783082039410544,One-Year,0
78,44,23.802184823745492,Month-to-Month,0
74,24,94.62072574818386,Month-to-Month,0
53,17,85.90355342036808,Two-Year,0
27,10,100.21305581275875,Two-Year,1
54,30,30.536753395280595,One-Year,0
26,56,23.557086703554834,One-Year,0
41,59,70.85792894475784,Month-to-Month,0
52,46,58.759523148276955,Two-Year,0
66,23,66.19469366709558,One-Year,1
52,32,119.1588408870274,One-Year,1
65,17,117.07499576706702,One-Year,1
53,50,114.23153896731928,One-Year,0
35,51,98.38426767676738,One-Year,0
66,17,55.48413602568904,One-Year,0
56,14,61.21309302627716,Month-to-Month,0
49,9,74.96160437189245,Two-Year,0
41,40,103.05344564048399,Two-Year,0
40,2,26.871283251826775,One-Year,0
79,45,62.429688588488816,Two-Year,0
49,25,28.26176634592687,Two-Year,0
54,39,71.46575865735116,Two-Year,0
29,9,109.89008240062354,One-Year,1
66,54,98.24849245639379,One-Year,0
72,22,42.784241754311,Two-Year,0
30,43,117.59908495987925,Two-Year,0
40,46,86.73503980464284,One-Year,0
42,4,21.042769939740307,Month-to-Month,1
52,26,45.54134846852195,Two-Year,0
58,58,46.071329991991654,Month-to-Month,0
47,29,26.925430628585993,Two-Year,0
34,45,115.9826518075929,Month-to-Month,1
66,34,67.82552945759238,Month-to-Month,0
79,23,109.5814597371882,Month-to-Month,1
37,37,52.221550344462834,One-Year,0
65,11,32.523357043282715,Month-to-Month,0
42,6,67.43361099062139,Month-to-Month,1
39,18,31.395663471431718,Month-to-Month,0
30,21,68.60155029775399,Two-Year,1
76,42,112.02971812194077,Month-to-Month,0
36,36,72.07681418342128,Two-Year,0
66,41,81.64997268950835,Month-to-Month,0
53,38,35.66384369738083,Month-to-Month,0
29,34,24.37356258799695,One-Year,0
78,17,31.080796217980705,Two-Year,0
58,37,79.85315756843656,Month-to-Month,0
36,25,29.501169899230465,Two-Year,0
29,38,57.59928899413114,Two-Year,0
26,58,75.0091940458156,One-Year,0
24,12,58.8652798629847,One-Year,0
45,23,36.36838014653015,One-Year,0
31,53,47.379130751410656,One-Year,0
48,42,112.8317532848577,One-Year,0
69,22,87.59822755863554,One-Year,1
36,21,69.60478386798866,One-Year,0
75,27,21.271488998689353,One-Year,0
64,57,119.24154004894702,Month-to-Month,0
33,31,87.14549348946433,Two-Year,1
70,6,51.692247734494494,One-Year,0
22,27,107.92686599978381,One-Year,0
52,40,45.84316202918181,Two-Year,0
29,34,74.40165791827516,Month-to-Month,0
42,12,83.6070763729825,Two-Year,0
69,45,42.10633714537285,Two-Year,0
76,57,117.83972788005958,One-Year,0
38,53,94.81919059789975,Two-Year,0
53,7,75.781322551107,Two-Year,0
70,10,38.05945981753008,One-Year,0
40,45,25.385820699802615,One-Year,0
33,17,52.005983252098346,One-Year,0
74,26,95.31873359134028,One-Year,1
56,21,46.9331298302025,Two-Year,0
62,28,73.95562204955051,Two-Year,1
70,58,92.79471767307432,Month-to-Month,0
59,46,30.794371464646435,Month-to-Month,0
75,2,88.52980161158733,Two-Year,0
56,54,29.18708877100447,Month-to-Month,0
31,43,116.51297421269966,Two-Year,0
48,1,68.83941300649396,Month-to-Month,0
75,51,35.06761077098774,One-Year,0
22,53,54.23836360335465,Month-to-Month,0
52,36,61.34164492952615,One-Year,0
40,51,95.81850110765373,One-Year,0
46,26,94.34237860766093,One-Year,1
60,29,81.1940505337331,One-Year,0
28,21,30.593071255849296,Month-to-Month,0
35,11,35.15693715876736,Two-Year,0
64,40,29.375692064555665,One-Year,0
29,11,77.71727832875501,Month-to-Month,1
26,36,107.71384415114039,One-Year,0
27,49,63.38005122547718,Month-to-Month,0
75,59,36.08481739577462,Month-to-Month,0
61,39,75.80423251489671,Month-to-Month,0
34,40,101.17522168657099,Two-Year,0
78,35,94.171206151293,Month-to-Month,0
55,54,108.14507796750213,Month-to-Month,0
24,34,47.79020972488678,Two-Year,0
63,55,39.39538672677749,Two-Year,0
30,47,107.98164859419387,Month-to-Month,1
57,24,85.75603127780231,Two-Year,0
59,54,51.09289300075542,One-Year,0
26,22,94.23480505725092,One-Year,0
67,5,101.51183844803678,Two-Year,1
44,56,81.49782403411324,Two-Year,0
75,33,88.78841098799151,Month-to-Month,0
19,58,57.52599044426663,Two-Year,0
22,36,73.8695667343039,Month-to-Month,0
46,47,72.41591707261622,One-Year,0
54,20,104.80477911307719,Two-Year,1
55,19,103.99639802821825,Month-to-Month,0
36,35,103.26804693470432,Month-to-Month,0
25,52,21.10316142624658,One-Year,0
65,43,94.95454844688882,Two-Year,0
62,17,95.86763901110048,One-Year,1
18,59,87.83788228551418,Month-to-Month,0
39,45,95.62646578914526,Month-to-Month,0
69,43,104.19703714967088,Two-Year,0
34,34,67.03190541017857,Month-to-Month,0
24,9,70.20502134884472,Two-Year,0
42,26,32.47140569113905,One-Year,0
62,2,58.53758830473618,Two-Year,1
21,53,84.33651799117843,Two-Year,0
53,9,98.03997761472745,Month-to-Month,1
23,9,41.72090976912105,Month-to-Month,0
77,40,33.78228991592354,Two-Year,0
48,17,86.30420045004922,Month-to-Month,1
36,1,20.187988352491065,Month-to-Month,0
78,25,37.83725843073299,Month-to-Month,0
61,43,22.907138034395373,Two-Year,0
71,40,36.688511785487094,Month-to-Month,0
56,42,38.13192799255052,Two-Year,0
44,25,58.76735947503942,Month-to-Month,0
27,39,60.2327124686556,One-Year,0
43,35,107.42624706102377,Month-to-Month,0
36,3,71.01097124988252,Month-to-Month,0
56,50,92.34047656122863,Two-Year,0
79,37,30.413735792028746,Two-Year,0
20,44,42.543875546369385,Month-to-Month,0
62,44,90.29434409786768,One-Year,0
30,51,25.280396046852808,Month-to-Month,0
67,30,68.65976622437532,Month-to-Month,0
45,38,79.93689656629338,One-Year,0
79,34,80.2145644052481,Two-Year,0
75,12,22.293281126804203,Month-to-Month,0
37,19,52.21080042291855,Two-Year,1
45,37,83.6490651049154,Two-Year,0
25,44,34.89997361492435,One-Year,0
78,59,89.54156483280532,One-Year,0
58,59,94.59252088136745,Two-Year,0
56,49,118.19691904461453,Month-to-Month,0
18,17,40.98419948564094,Two-Year,1
20,10,102.51306676661152,Month-to-Month,1
30,57,72.0296576918654,Month-to-Month,0
45,55,57.34625961441734,One-Year,0
79,49,32.23767573251779,Month-to-Month,0
74,47,93.55056064875376,Month-to-Month,0
77,12,43.58575991436871,Two-Year,0
66,16,57.142200187304574,One-Year,0
42,24,26.254222689736842,Month-to-Month,0
73,19,100.13669158195191,Month-to-Month,1
50,8,96.65885239716434,One-Year,1
55,31,93.36158300423125,Two-Year,0
70,21,49.94435104918867,One-Year,0
23,17,37.34800742659573,One-Year,0
75,23,83.75532644702298,Month-to-Month,0
61,37,69.61663841132194,Month-to-Month,0
62,54,37.825246690464155,Two-Year,0
49,16,88.59112710498637,Month-to-Month,1
62,6,119.11264318213037,Month-to-Month,0
78,8,94.72195877420377,One-Year,1
64,25,93.99863866856118,Month-to-Month,1
38,18,115.03127529305917,Two-Year,0
33,25,40.29363675749022,One-Year,0
71,12,76.55499649214404,Two-Year,0
38,15,117.96467150338835,One-Year,1
28,59,36.52941109701746,Month-to-Month,0
77,26,90.02519594445211,One-Year,0
54,41,78.5810145971902,One-Year,0
53,45,78.6479092188707,Month-to-Month,0
52,26,89.76706275200752,Month-to-Month,0
36,47,112.96169228756843,Two-Year,1
37,32,98.2581939851338,Two-Year,0
74,10,25.613610341621,Month-to-Month,0
35,16,105.27280198757113,Month-to-Month,1
64,7,42.55413299257326,Month-to-Month,0
58,17,57.6914164736372,One-Year,0
66,23,66.17328136123822,One-Year,0
31,26,68.09060007530697,One-Year,0
32,21,63.51803992553568,Month-to-Month,0
48,22,113.73532942158644,Two-Year,0
18,58,90.60190076640247,Month-to-Month,0
70,7,83.11706459567063,One-Year,0
71,14,24.984202778294154,One-Year,0
71,15,110.39133302603747,Month-to-Month,1
20,53,110.93901920083962,Month-to-Month,0
33,7,98.02130634301024,One-Year,0
40,9,20.702920381361917,One-Year,0
74,51,25.728025107762335,One-Year,0
28,48,42.52237022684898,Month-to-Month,0
29,8,33.13494081449067,One-Year,0
27,50,59.88360297037295,One-Year,0
49,59,112.26230580877896,Two-Year,0
33,23,67.20604341969982,Month-to-Month,0
25,29,21.340262643216562,Two-Year,0
55,18,48.2745689578762,Two-Year,0
29,31,24.459490837296155,One-Year,0
41,30,23.628762261350214,Month-to-Month,0
45,52,47.571985309555224,One-Year,0
70,39,47.56123386789454,Month-to-Month,0
25,35,98.7126602601604,Two-Year,0
75,18,117.4834652781112,Month-to-Month,1
45,59,57.12070938899983,One-Year,0
53,42,62.88868788610386,One-Year,0
43,39,104.47894362860214,One-Year,0
25,17,46.81390200955134,Month-to-Month,0
75,14,35.6381804403448,Two-Year,0
77,31,105.30896234036504,Two-Year,1
67,24,24.65005864400655,Month-to-Month,0
45,35,81.96994401994158,One-Year,0
45,44,76.19928474668068,Two-Year,0
54,45,54.59204475016943,One-Year,0
58,34,51.5189521097359,Month-to-Month,0
53,3,97.18577261816213,One-Year,1
44,37,28.642461076254648,Two-Year,0
71,43,43.678430931138536,Two-Year,0
34,40,93.24487318380898,One-Year,0
26,26,74.83205837264242,Month-to-Month,0
50,55,32.798820853358635,One-Year,0
70,23,108.213561428206,Month-to-Month,1
37,44,59.34478465635915,One-Year,0
30,39,102.78683753221728,Two-Year,0
45,15,98.77130155277086,Month-to-Month,0
65,56,82.44254464717281,Month-to-Month,0
46,49,69.4481131295093,Month-to-Month,0
30,4,117.95508403817568,Two-Year,1
63,29,34.4965072379817,One-Year,0
52,22,92.51557275511148,Two-Year,0
78,25,39.119070146478904,Month-to-Month,0
23,13,53.82631053323484,One-Year,1
35,18,50.86987433731953,Two-Year,0
68,33,114.7035987738723,Month-to-Month,0
22,16,116.73561777882752,Month-to-Month,1
64,45,38.30154442347272,Two-Year,0
42,42,22.203516029750418,Two-Year,0
19,44,92.00080396631131,Two-Year,0
27,2,61.798993387048434,Month-to-Month,1
73,55,28.88402450875644,Two-Year,0
47,35,88.37541055770426,Month-to-Month,0
67,42,74.51055282606997,Two-Year,0
76,34,118.0516822001106,Month-to-Month,1
62,30,42.740949586137894,Month-to-Month,0
22,59,60.397787632654826,One-Year,0
72,55,74.25458033954229,Two-Year,0
73,13,99.16999884533517,Two-Year,0
50,13,74.88386567200587,Month-to-Month,1
71,18,81.29001608619492,Month-to-Month,0
18,32,42.61470515899407,Month-to-Month,0
35,32,104.69187280885599,One-Year,0
49,35,62.86305469704757,One-Year,0
64,59,34.09596275217693,Month-to-Month,0
66,39,86.41879145054173,Two-Year,0
